<?xml version="1.0" encoding="UTF-8"?>
<OfficeApp xmlns="http://schemas.microsoft.com/office/appforoffice/1.1"
           xmlns:xsi="http://www.w3.org/2001/XMLSchema-instance"
           xsi:type="TaskPaneApp"
           xmlns:bt="http://schemas.microsoft.com/office/officeappbasictypes/1.0"
           xmlns:ov="http://schemas.microsoft.com/office/taskpaneappversionoverrides"
           Version="1.0.0.1"
           Id="b7a9d6f0-0e7b-4c39-9b7a-111111111111"
           ProviderName="Your Firm"
           DefaultLocale="en-US">
  <IconUrl DefaultValue="https://addins.myfirm.com/assets/icon-32.png"/>
  <DisplayName DefaultValue="Estate Clause Helper"/>
  <Description DefaultValue="Search clauses and insert into Word."/>
  <SupportUrl DefaultValue="https://localhost:3000/help"/>
  <AppDomains>
    <AppDomain>https://addins.myfirm.com</AppDomain>
  </AppDomains>

  <Hosts>
    <Host Name="Document"/>
  </Hosts>

  <DefaultSettings>
  <!-- Change this to your hosted URL (replace addins.myfirm.com) -->
  <SourceLocation DefaultValue="https://addins.myfirm.com/taskpane.html"/>
  </DefaultSettings>

  <Permissions>ReadWriteDocument</Permissions>

  <!-- VersionOverrides enables ribbon buttons & modern runtime -->
  <VersionOverrides xmlns="http://schemas.microsoft.com/office/taskpaneappversionoverrides" xsi:type="VersionOverridesV1_0">
    <Hosts>
      <Host xsi:type="Document">
        <DesktopFormFactor>
          <GetStarted>
            <Title resid="residGetStartedTitle"/>
            <Description resid="residGetStartedDescription"/>
            <LearnMoreUrl resid="residLearnMoreUrl"/>
          </GetStarted>
          <ExtensionPoint xsi:type="PrimaryCommandSurface">
            <OfficeTab id="TabHome">
              <Group id="grpEstate" label="Estate AI">
                <!-- 2) Change this URL if different -->
                <Control xsi:type="Button" id="btnOpenPane" label="Open Clause Helper" 
                         onAction="functionFile.showTaskPane" 
                         icon="https://addins.myfirm.com/assets/icon-32.png"/>
              </Group>
            </OfficeTab>
          </ExtensionPoint>
        </DesktopFormFactor>
      </Host>
    </Hosts>
    <Resources>
      <bt:Images>
    <bt:Image id="icon32" DefaultValue="https://addins.myfirm.com/assets/icon-32.png"/>
      </bt:Images>
      <bt:Urls>
  <!-- Change these to your hosted URLs (replace addins.myfirm.com) -->
  <bt:Url id="residLearnMoreUrl" DefaultValue="https://addins.myfirm.com/help"/>
  <bt:Url id="functionFile" DefaultValue="https://addins.myfirm.com/function-file.html"/>
  <bt:Url id="residGetStartedTitle" DefaultValue="https://addins.myfirm.com/i18n/title"/>
  <bt:Url id="residGetStartedDescription" DefaultValue="https://addins.myfirm.com/i18n/desc"/>
      </bt:Urls>
      <bt:ShortStrings>
        <bt:String id="residGetStartedTitle" DefaultValue="Estate Clause Helper"/>
      </bt:ShortStrings>
      <bt:LongStrings>
        <bt:String id="residGetStartedDescription" DefaultValue="Open the task pane to search clauses and insert."/>
      </bt:LongStrings>
    </Resources>
    <WebApplicationInfo>
      <!-- Optional: fill these values if you want Single Sign-On (SSO) with Azure AD -->
      <!-- Register an Azure AD app and replace the Id and Resource values below. -->
      <Id>{YOUR-AZURE-AD-CLIENT-ID}</Id>
      <Resource>api://{YOUR-AZURE-AD-CLIENT-ID}</Resource>
      <!-- Example scopes; adjust as needed for your app/API -->
      <Scopes>
        <Scope>openid</Scope>
        <Scope>profile</Scope>
      </Scopes>
    </WebApplicationInfo>
  </VersionOverrides>
</OfficeApp>
